hanza,mean_sound
歌,노래 가
家,집 가
加,더할 가
街,거리 가
価,값 가
可,옳을 가
仮,거짓 가
佳,아름다울 가
苛,가혹할 가
架,시렁 가
嫁,시집갈 가
暇,틈/겨를 가
稼,심을 가
角,뿔 각
各,각각 각
覚,깨달을 각
刻,새길 각
閣,집 각
却,물리칠 각
殻,껍질 각
脚,다리 각
間,사이 간
刊,새길 간
幹,줄기 간
干,방패 간
看,볼 간
簡,대쪽 간
肝,간 간
墾,개간할 간
懇,간절할 간
喝,꾸짖을 갈
渇,목마를 갈
葛,칡 갈
褐,갈색 갈
感,느낄 감
減,덜 감
甘,달 감
勘,헤아릴 감
紺,감색 감
堪,견딜 감
敢,감히 감
監,볼 감
憾,섭섭할 감
鑑,거울 감
甲,갑옷 갑
岬,곶 갑
強,강할 강
康,편안할 강
講,외울 강
降,내릴 강/항복할 항
鋼,강철 강
江,강 강
岡,언덕 강
剛,굳셀 강
綱,벼리 강
開,열 개
改,고칠 개
個,낱 개
介,끼일 개
皆,다 개
慨,분개할 개
蓋,덮을 개
箇,낱 개
概,대개 개
客,손 객
坑,구덩이 갱
去,갈 거
挙,들 거
居,살 거
巨,클 거
拒,막을 거
拠,근거 거
据,일할 거
距,떨어질 거
裾,옷자락 거
建,세울 건
健,굳셀 건
件,물건 건
巾,수건 건
乾,마를 건
鍵,열쇠 건
乞,빌 걸
傑,뛰어날 걸
検,검사할 검
倹,검소할 검
剣,칼 검
掲,걸 게
憩,쉴 게
格,격식 격
激,격할 격
隔,사이뜰 격
撃,칠 격
犬,개 견
見,볼 견
絹,비단 견
肩,어깨 견
堅,굳을 견
遣,보낼 견
繭,고치 견
決,결단할 결
欠,이지러질 결
結,맺을 결
潔,깨끗할 결
兼,겸할 겸
謙,겸손할 겸
鎌,낫 겸
京,서울 경
軽,가벼울 경
径,지름길/ 길 경
景,볕 경
鏡,거울 경
競,다툴 경
経,지날/ 글 경
耕,밭 갈 경
境,지경 경
敬,공경할 경
警,깨우칠 경
茎,줄기 경
更,고칠 경/ 다시 갱
頃,잠깐 경
梗,줄기 경
硬,굳을 경
傾,기울 경
慶,경사 경
憬,깨달을 경
鯨,고래 경
驚,놀랄 경
計,셀 계
係,맬 계
界,지경 계
階,섬돌 계
季,계절 계
械,기계 계
系,이을 계
届,이를 계
戒,경계할 계
契,맺을 계
啓,열 계
渓,시내 계
継,이을 계
稽,머무를 계
鶏,닭 계
古,옛 고
考,생각할 고
高,높을 고
苦,쓸 고
庫,곳집 고
告,고할 고
固,굳을 고
故,연고 고
尻,꽁무니 고
股,넓적다리 고
孤,외로울 고
拷,칠 고
枯,마를 고
雇,품 팔 고
鼓,북 고
稿,원고 고
錮,막을 고
顧,돌아볼 고
谷,골짜기 곡
曲,굽을 곡
穀,곡식 곡
困,곤할 곤
昆,벌레 곤
骨,뼈 골
空,빌 공
工,장인 공
公,공평할 공
功,공 공
共,한가지 공
供,이바지할 공
孔,구멍 공
攻,칠 공
恐,두려울 공
恭,공손할 공
貢,바칠 공
控,당길 공
科,과목 과
果,실과 과
課,공부할 과
過,지날 과
菓,과자 과
誇,자랑할 과
寡,적을 과
鍋,냄비 과
郭,둘레 곽
館,집 관
官,벼슬 관
管,대롱 관
関,관계할 관
観,볼 관
慣,익숙할 관
串,꿸 관
缶,두레박 관
冠,갓 관
貫,꿸 관
棺,널 관
款,항목 관
寛,너그러울 관
括,묶을 괄
広,넓을 광
光,빛 광
鉱,쇳돌 광
狂,미칠 광
掛,걸 괘
怪,괴이할 괴
拐,후릴 괴
塊,덩어리 괴
壊,무너질 괴
校,학교 교
交,사귈 교
教,가르칠 교
橋,다리 교
巧,공교할 교
郊,들 교
絞,목맬 교
較,견줄 교
矯,바로잡을 교
九,아홉 구
口,입 구
区,구분할 구
究,연구할 구
具,갖출 구
球,공 구
求,구할 구
救,구원할 구
久,오랠 구
句,글귀 구
旧,예 구
構,얽을 구
勾,굽을 구
丘,언덕 구
臼,절구 구
殴,때릴 구
欧,구라파 구
拘,잡을 구
惧,두려워할 구
駆,몰 구
溝,도랑 구
駒,망아지 구
購,살 구
国,나라 국
局,판 국
菊,국화 국
君,임금 군
軍,군사 군
郡,고을 군
群,무리 군
屈,굽힐 굴
掘,팔 굴
堀,굴 굴
窟,굴 굴
弓,활 궁
宮,집 궁
窮,다할/ 궁할 궁
券,문서 권
巻,책 권
権,권세 권
拳,주먹 권
圏,우리 권
勧,권할 권
机,책상 궤
軌,바퀴자국 궤
潰,무너질 궤
帰,돌아갈 귀
貴,귀할 귀
鬼,귀신 귀
亀,거북 귀/ 터질 균
規,법 규
叫,부르짖을 규
糾,규탄할 규
均,고를 균
菌,버섯 균
極,다할 극
劇,심할 극
克,이길 극
隙,틈 극
近,가까울 근
根,뿌리 근
勤,부지런할 근
筋,힘줄 근
斤,근 근
僅,겨우 근
謹,삼갈 근
金,쇠 금
今,이제 금
禁,금할 금
琴,거문고 금
錦,비단 금
襟,옷깃 금
急,급할 급
級,등급 급
給,줄 급
及,미칠 급
扱,미칠 급
肯,즐길 긍
気,기운 기
汽,물 끓는 김 기
記,기록할 기
期,기약할 기
起,일어날 기
紀,벼리 기
旗,기 기
器,그릇 기
機,베틀 기
技,재주 기
寄,부칠 기
基,터 기
己,몸 기
企,꾀할 기
肌,살 기
伎,재간 기
岐,갈림길 기
忌,꺼릴 기
奇,기특할 기
祈,빌 기
既,이미 기
飢,주릴 기
埼,갑 기
崎,험할 기
幾,몇 기
棋,바둑 기
欺,속일 기
碁,바둑 기
棄,버릴 기
畿,경기 기
騎,말탈 기
緊,긴할 긴
吉,길할 길
喫,먹을 끽
那,어찌 나
奈,어찌 나
諾,허락할 낙
難,어려울 난
暖,따뜻할 난
男,사내 남
南,남녘 남
納,들일 납
娘,여자 낭
内,안 내
匂,향내 내
耐,견딜 내
女,여자 녀
年,해 년
念,생각 념
寧,편안할 녕
努,힘쓸 노
奴,종 노
怒,성낼 노
農,농사 농
濃,짙을 농
脳,골 뇌
悩,번뇌할 뇌
尿,오줌 뇨
能,능할 능
尼,여승 니
泥,진흙 니
匿,숨길 닉
多,많을 다
短,짧을 단
単,홑 단
団,둥글 단
断,끊을 단
段,층계 단
丹,붉을 단
旦,아침 단
但,다만 단
端,끝 단
壇,단 단
鍛,쇠 불릴 단
達,통달할 달
談,말씀 담
担,멜 담
胆,쓸개 담
淡,맑을 담
曇,흐릴 담
答,대답할 답
踏,밟을 답
当,마땅할 당
堂,집 당
党,무리 당
糖,엿 당
唐,당나라/ 당황할 당
大,큰 대
台,대 대/ 태풍 태
代,대신할 대
対,대할 대
待,기다릴 대
帯,띠 대
隊,무리 대
貸,빌릴 대
袋,자루 대
戴,일 대
徳,큰 덕
刀,칼 도
図,그림 도
道,길 도
度,법도 도
島,섬 도
都,도읍 도
徒,무리 도
導,인도할 도
到,이를 도
挑,돋울 도
逃,도망할 도
倒,넘어질 도
途,길 도
桃,복숭아 도
悼,슬퍼할 도
盗,도둑 도
陶,질그릇 도
渡,건널 도
跳,뛸 도
塗,칠할 도
稲,벼 도
賭,내기 도
読,읽을 독
毒,독 독
独,홀로 독
督,감독할 독
篤,도타울 독
豚,돼지 돈
頓,조아릴 돈
突,갑자기 돌
冬,겨울 동
同,한가지 동
東,동녘 동
動,움직일 동
童,아이 동
働,일할 동
銅,구리 동
洞,골 동/밝을 통
凍,얼 동
胴,몸통 동
棟,마룻대 동
憧,동경할 동
瞳,눈동자 동
頭,머리 두
豆,콩 두
斗,말 두
痘,역질 두
屯,진칠 둔
鈍,둔할 둔
得,얻을 득
登,오를 등
等,무리 등
灯,등불 등
謄,베낄 등
藤,등나무 등
騰,오를 등
裸,벗을 라
羅,벌일 라
楽,즐길 락/노래 악
落,떨어질 락
絡,이을/얽을 락
酪,쇠젖 락
卵,알 란
乱,어지러울 란
欄,난간 란
辣,매울 랄
覧,볼 람
嵐,남기 람
濫,넘칠 람
藍,쪽 람
拉,끌 랍
朗,밝을 랑
郎,사내 랑
浪,물결 랑
廊,행랑 랑
来,올 래
冷,찰 랭
略,간략할 략
両,두 량
良,어질 량
量,헤아릴 량
涼,서늘할 량
糧,양식 량
旅,나그네 려
戻,어그러질 려
呂,음률 려
励,힘쓸 려
侶,짝 려
慮,생각할 려
麗,고울 려
力,힘 력
歴,지낼 력
暦,책력 력
練,익힐 련
連,잇닿을 련
恋,그리워할 련
錬,불릴/단련할 련
列,벌일 렬
劣,못할 렬
烈,매울 렬
裂,찢을 렬
廉,청렴할 렴
猟,사냥 렵
令,하여금 령
領,거느릴 령
鈴,방울 령
零,떨어질 령/영 령
霊,신령 령
齢,나이 령
礼,예도 례
例,법식 례
隷,종 례
路,길 로
老,늙을 로
労,일할 로
炉,화로 로
虜,사로잡을 로
露,이슬 로
緑,푸를 록
録,기록할 록
鹿,사슴 록
麓,산기슭 록
論,논할 론
弄,희롱할 롱
滝,비 올 롱
籠,대바구니 롱
雷,우레 뢰
賂,뇌물 뢰
頼,의뢰할 뢰
瀬,여울 뢰
料,헤아릴 료
了,마칠 료
僚,동료 료
寮,동관 료
療,병 고칠 료
瞭,밝을 료
竜,용 룡
涙,눈물 루
累,여러/자주 루
塁,보루 루
楼,다락 루
漏,샐 루
流,흐를 류
類,무리 류
留,머무를 류
柳,버들 류
硫,유황 류
瑠,맑은 유리 류
陸,뭍 륙
輪,바퀴 륜
倫,인륜 륜
率,비율 률/거느릴 솔
律,법칙 률
慄,떨릴 률
隆,높을 륭 
陵,언덕 릉
理,다스릴 리
里,마을 리
利,이로울 리
裏,속 리
吏,관리 리
厘,이 리
梨,배나무 리
痢,설사 리
履,밟을 리
璃,유리 리
離,떠날 리
隣,이웃 린
林,수풀 림
臨,임할 림
立,설 립
粒,낟알 립
馬,말 마
麻,삼 마
摩,문지를 마
磨,갈 마
魔,마귀 마
幕,장막 막
漠,넓을/사막 막
膜,꺼풀/막 막
万,일만 만
満,찰 만
晩,늦을 만
蛮,오랑캐 만
湾,물굽이 만
漫,흩어질 만
慢,거만할 만
末,끝 말
抹,지울 말
望,바랄 망
亡,망할 망
忘,잊을 망
忙,바쁠 망
妄,망령될 망
網,그물 망
毎,매양 매
売,팔 매
妹,누이 매
買,살 매
梅,매화 매
枚,낱 매
昧,어두울 매
埋,묻을 매
媒,중매 매
魅,매혹할 매
罵,꾸짖을 매
麦,보리 맥
脈,줄기 맥
盟,맹세 맹
盲,소경/ 눈 멀 맹
猛,사나울 맹
面,낮 면
勉,힘쓸 면
綿,솜 면
免,면할 면
眠,잘 면
麺,밀가루 면
滅,꺼질/ 멸할 멸
蔑,업신여길 멸
名,이름 명
明,밝을 명
鳴,울 명
皿,그릇 명
命,목숨 명
冥,어두울 명
銘,새길 명
毛,터럭 모
母,어머니 모
模,본뜰 모
暮,저물 모
矛,창 모
侮,업신여길 모
冒,무릅쓸 모
某,아무 모
耗,소모할 모
募,모을/뽑을 모
帽,모자 모
慕,그릴 모
貌,모양 모
謀,꾀 모
木,나무 목
目,눈 목
牧,칠 목
睦,화목할 목
没,빠질 몰
夢,꿈 몽
墓,무덤 묘
妙,묘할 묘
苗,모 묘
畝,이랑 묘
描,그릴 묘
猫,고양이 묘
無,없을 무
武,호반 무
務,힘쓸 무
貿,무역할 무
茂,무성할 무
舞,춤출 무
霧,안개 무
墨,먹 묵
黙,잠잠할 묵
文,글월 문
門,문 문
聞,들을 문
問,물을 문
蚊,모기 문
紋,무늬 문
物,물건 물
米,쌀 미
美,아름다울 미
味,맛 미
未,아닐 미
迷,미혹할 미
尾,꼬리 미
弥,미륵 미
眉,눈썹 미
微,작을 미
謎,수수께끼 미
民,백성 민
敏,민감할 민
密,빽빽할 밀
蜜,꿀 밀
博,넓을 박
朴,성씨 박
泊,머무를/ 배 댈 박
拍,칠 박
迫,핍박할 박
剝,벗길 박
舶,배 박
撲,칠 박
薄,엷을 박
縛,얽을 박
半,반 반
反,돌이킬 반
返,돌이킬 반
飯,밥 반
班,나눌 반
伴,짝 반
畔,밭두둑 반
般,일반 반
斑,얼룩 반
搬,옮길 반
頒,나눌 반
盤,소반 반
発,필 발
抜,뽑을 발
勃,우쩍 일어날 발
鉢,바리때 발
髪,터럭 발
方,모 방
放,놓을 방
訪,찾을 방
防,막을 방
妨,방해할 방
邦,나라 방
芳,꽃다울 방
坊,동네 방
房,방 방
肪,살찔 방
倣,본뜰 방
紡,길쌈 방
傍,곁 방
配,나눌 배
倍,곱 배
拝,절 배
背,등 배
俳,배우 배
杯,잔 배
排,배척할 배
陪,모실 배
培,배양할 배
輩,무리 배
賠,물어줄 배
白,흰 백
百,일백 백
伯,맏 백
番,차례 번
繁,번성할 번
煩,번거로울 번
藩,울타리 번
翻,번역할 번
伐,칠 벌
罰,벌할 벌
閥,문벌 벌
犯,범할 범
凡,무릇 범
氾,넘칠 범
汎,넓을 범
帆,돛 범
範,법 범
法,법 법
壁,벽 벽
癖,버릇 벽
璧,구슬 벽
辺,가 변
変,변할 변
弁,말씀 변
別,나눌 별
病,병 병
兵,병사 병
並,나란히 병
丙,남녘 병
併,아우를 병
柄,자루 병
瓶,병 병
塀,담 병
餅,떡 병
歩,걸음 보
保,지킬 보
報,갚을 보
宝,보배 보
補,기울 보
普,넓을 보
譜,족보 보
服,옷 복
福,복 복
復,회복할 복/ 다시 부
複,겹칠 복
腹,배 복
伏,엎드릴 복
僕,종 복
覆,뒤집힐 복/ 덮을 부
本,근본 본
棒,막대 봉
奉,받들 봉
封,봉할 봉
俸,녹 봉
峰,봉우리 봉
蜂,벌 봉
縫,꿰맬 봉
父,아비 부
負,질 부
部,떼 부
夫,지아비 부
付,줄 부
府,마을 부
副,버금 부
婦,며느리 부
富,부유할 부
否,아닐 부
扶,도울 부
阜,언덕 부
附,붙을 부
赴,갈 부
訃,부고 부
浮,뜰 부
剖,쪼갤 부
釜,가마솥 부
符,부호 부
腐,썩을 부
敷,펼 부
賦,부세 부
膚,살갗 부
簿,문서 부
北,북녘 북/ 달아날 배
分,나눌 분
粉,가루 분
奮,떨칠 분
奔,달릴 분
盆,동이 분
紛,어지러울 분
雰,눈날릴 분
噴,뿜을 분
憤,분할 분
墳,무덤 분
不,아니 불/ 아니 부
仏,부처 불
払,떨칠 불
崩,무너질 붕
棚,사다리 붕
悲,슬플 비
鼻,코 비
飛,날 비
費,쓸 비
比,견줄 비
非,아닐 비
肥,살찔 비
備,갖출 비
批,비평할 비
秘,숨길 비
妃,왕비 비
沸,끓을 비
泌,분비할 비/ 스며흐를 필
卑,낮을 비
扉,사립문 비
碑,비석 비
貧,가난할 빈
浜,물가 빈
賓,손 빈
頻,자주 빈
氷,얼음 빙
四,넉 사
糸,실 사
寺,절 사
社,모일 사
思,생각 사
写,베낄 사
仕,섬길 사
死,죽을 사
事,일 사
使,하여금 사
士,선비 사
史,사기 사
司,맡을 사
辞,말씀 사
似,닮을 사
舎,집 사
査,조사할 사
師,스승 사
飼,기를 사
謝,사례할 사
私,사사로울 사
砂,모래 사
射,쏠 사
捨,버릴 사
詞,말 사
沙,모래 사
伺,엿볼 사
邪,간사할 사
卸,풀 사
唆,부추길 사
斜,비스듬할 사
蛇,뱀 사
赦,용서할 사
詐,속일 사
嗣,이을 사
賜,줄 사
削,깎을 삭
山,뫼 산
算,셈 산
産,낳을 산
散,흩을 산
酸,실 산
傘,우산 산
殺,죽일 살/ 덜 쇄
三,석 삼
森,수풀 삼
杉,삼나무 삼
挿,꽂을 삽
渋,떫을 삽
上,윗 상
商,장사 상
相,서로 상
想,생각 상
箱,상자 상
象,코끼리 상
賞,상줄 상
状,형상 상/ 문서 장
常,항상 상
像,모양 상
傷,다칠 상
床,평상 상
尚,오히려 상
祥,상서로울 상
桑,뽕나무 상
爽,시원할 상
喪,잃을 상
詳,자세할 상
償,갚을 상
霜,서리 상
璽,옥새 새
色,빛 색
索,찾을 색/ 동아줄 삭
塞,막힐 색/ 변방 새
生,날 생
牲,희생 생
西,서녘 서
書,글 서
暑,더울 서
序,차례 서
署,마을 서
叙,펼 서
徐,천천히 할 서
逝,갈 서
庶,여러 서
婿,사위 서
緒,실마리 서
誓,맹세할 서
夕,저녁 석
石,돌 석
昔,예 석
席,자리 석
析,쪼갤 석
釈,풀 석
惜,아낄 석
潟,개펄 석
先,먼저 선
船,배 선
線,줄 선
選,고를 선
宣,베풀 선
善,착할 선
仙,신선 선
扇,부채 선
旋,돌 선
羨,부러워할 선
腺,샘 선
禅,선 선
膳,반찬 선
鮮,고울 선
繕,기울 선
雪,눈 설
説,말씀 설/ 달랠 세
舌,혀 설
設,베풀 설
繊,가늘 섬
渉,건널 섭
摂,다스릴/ 잡을 섭
星,별 성
声,소리 성
成,이룰 성
省,살필 성/ 덜 생
性,성품 성
城,성 성
盛,성할 성
誠,정성 성
聖,성인 성
姓,성씨 성
醒,깰 성
細,가늘 세
世,인간/ 세상 세
税,세금 세
勢,형세 세
洗,씻을 세
歳,해 세
小,작을 소
少,적을 소
所,바 소
昭,밝을 소
消,사라질 소
笑,웃음 소
巣,새집 소
焼,불사를 소
素,본디/ 흴 소
召,부를 소
沼,못 소
咲,꽃필 소
宵,밤 소
紹,이을 소
掃,쓸 소
訴,호소할 소
疎,성길 소
塑,흙 빚을 소
遡,거스를 소
騒,떠들 소
速,빠를 속
束,묶을 속
続,이을 속
属,무리 속
俗,풍속 속
孫,손자 손
損,덜 손
遜,겸손할 손
送,보낼 송
松,소나무 송
訟,송사할 송
刷,인쇄할 쇄
砕,부술 쇄
鎖,쇠사슬 쇄
衰,쇠할 쇠
水,물 수
手,손 수
首,머리 수
数,셈 수
守,지킬 수
受,받을 수
修,닦을 수
授,줄 수
輸,보낼 수
収,거둘 수
垂,드리울 수
樹,나무 수
囚,가둘 수
秀,빼어날 수
寿,목숨 수
狩,사냥할 수
帥,장수 수
捜,찾을 수
殊,다를 수
袖,소매 수
粋,순수할 수
羞,부끄러울 수
遂,드디어 수
須,모름지기 수
痩,여윌 수
随,따를 수
睡,졸음 수
酬,갚을 수
愁,근심 수
需,쓰일/ 쓸 수
誰,누구 수
穂,이삭 수
獣,짐승 수
髄,뼛골 수
宿,잘 숙
熟,익을 숙
叔,아저씨 숙
淑,맑을 숙
粛,엄숙할 숙
塾,글방 숙
順,순할 순
純,순수할 순
旬,열흘 순
巡,돌/ 순행할 순
盾,방패 순
唇,입술 순
殉,따라죽을 순
循,돌 순
瞬,눈 깜짝일 순
述,펼 술
術,재주 술
崇,높을 숭
膝,무릎 슬
拾,주울 습/ 열 십
習,익힐 습
湿,젖을 습
襲,엄습할 습
乗,탈 승
勝,이길 승
承,이을 승
升,되 승
昇,오를 승
僧,중 승
縄,노끈 승
市,저자 시
矢,화살 시
時,때 시
始,비로소 시
詩,시 시
試,시험 시
示,보일 시
視,볼 시
侍,모실 시
柿,감나무 시
施,베풀 시
是,옳을 시
食,밥/ 먹을 식
式,법 식
息,쉴 식
植,심을 식
識,알 식
拭,씻을 식
殖,불릴 식
飾,꾸밀 식
新,새 신
申,거듭 신
身,몸 신
神,귀신 신
臣,신하 신
信,믿을 신
迅,빠를 신
伸,펼 신
辛,매울 신
娠,아이 밸 신
紳,신사 신
慎,삼갈 신
腎,콩팥 신
薪,섶 신
室,집 실
実,열매 실
失,잃을 실
心,마음 심
深,깊을 심
芯,등심초 심
甚,심할 심
尋,찾을 심
審,살필 심
十,열 십
双,두 쌍/ 쌍
氏,각시/ 성씨 씨
児,아이 아
芽,싹 아
我,나 아
牙,어금니 아
亜,버금 아
雅,맑을 아
餓,주릴 아
悪,악할 악/ 미워할 오
岳,큰 산 악
握,쥘 악
顎,턱 악
顔,낯 안
安,편안 안
岸,언덕 안
案,책상 안
眼,눈 안
謁,뵐 알
岩,바위 암
暗,어두울 암
俺,나 암
闇,숨을 암
圧,누를 압
押,누를 압
央,가운데 앙
仰,우러를 앙
愛,사랑 애
哀,슬플 애
挨,밀칠 애
涯,물가 애
崖,언덕 애
曖,희미할 애
液,진 액
額,이마 액
厄,액 액
桜,앵두 앵
夜,밤 야
野,들 야
冶,불릴 야
弱,약할 약
薬,약 약
約,맺을 약
若,같을 약
躍,뛸 약
羊,양 양
洋,큰 바다 양
陽,볕 양
様,모양 양
養,기를 양
揚,날릴 양
瘍,헐 양
壌,흙덩이 양
嬢,아가씨 양
譲,사양할 양
醸,술빚을 양
魚,물고기 어
語,말씀 어
漁,고기 잡을 어
御,거느릴 어
億,억 억
抑,누를 억
憶,생각할 억
臆,가슴 억
言,말씀 언
厳,엄할 엄
業,업 업
余,나/ 남을 여
与,더불/ 줄 여
如,같을 여
役,부릴 역
駅,역 역
易,바꿀 역/ 쉬울 이
逆,거스를 역
域,지경 역
訳,번역할 역
疫,전염병 역
研,갈 연
然,그럴 연
演,펼 연
燃,탈 연
延,늘일 연
沿,물 따라갈 연
宴,잔치 연
軟,연할 연
煙,연기 연
鉛,납 연
縁,인연 연
熱,더울 열
悦,기쁠 열
閲,볼 열
塩,소금 염
染,물들 염
炎,불꽃 염
捻,비틀 염
艶,고울 염
葉,잎 엽
泳,헤엄칠 영
英,꽃부리 영
栄,영화 영
永,길 영
営,경영할 영
映,비칠 영
迎,맞을 영
詠,읊을 영
影,그림자 영
予,미리 예
芸,재주 예
預,맡길/ 미리 예
鋭,날카로울 예
刈,벨 예
詣,이를 예
誉,기릴/ 명예 예
五,다섯 오
午,낮 오
誤,그르칠 오
汚,더러울 오
呉,성씨 오
娯,즐길 오
悟,깨달을 오
奥,깊을 오
傲,거만할 오
玉,구슬 옥
屋,집 옥
沃,물 댈 옥
獄,감옥 옥
温,따뜻할 온
穏,편안할 온
翁,늙은이 옹
擁,낄 옹
瓦,기와 와
渦,소용돌이 와
完,완전할 완
宛,완연할 완
玩,희롱할 완
腕,팔뚝 완
頑,완고할 완
緩,느릴 완
王,임금 왕
往,갈 왕
旺,왕성할 왕
外,바깥 외
畏,두려워할 외
曜,빛날 요
要,요긴할 요
凹,오목할 요
妖,아리따울 요
揺,흔들 요
腰,허리 요
窯,기와 가마 요
謡,노래 요
浴,목욕할 욕
欲,하고자 할 욕
辱,욕될 욕
用,쓸 용
勇,날랠 용
容,모양 용
冗,쓸데없을 용
庸,떳떳할 용
湧,물 솟을 용
溶,녹을 용
踊,뛸 용
右,오른쪽 우
雨,비 우
牛,소 우
友,벗 우
羽,깃 우
宇,집 우
郵,우편 우
優,넉넉할 우
又,또 우
芋,토란 우
偶,짝 우
遇,만날 우
隅,모퉁이 우
愚,어리석을 우
虞,염려할 우
憂,근심 우
雲,구름 운
運,옮길 운
韻,운율 운
鬱,막힐 울
雄,수컷 웅
熊,곰 웅
円,둥글 원
元,으뜸 원
原,언덕 원
遠,멀 원
園,동산 원
院,집 원
員,인원 원
願,원할 원
源,근원 원
怨,원망할 원
垣,담 원
援,도울 원
媛,미인 원
猿,원숭이 원
月,달 월
越,넘을 월
委,맡길 위
位,자리 위
囲,에워쌀 위
胃,밥통 위
衛,지킬 위
危,위태할 위
威,위엄 위
為,할 위
萎,시들 위
偽,거짓 위
尉,벼슬 위
偉,클 위
違,어긋날 위
慰,위로할 위
緯,위도 위
由,말미암을 유
有,있을 유
油,기름 유
遊,놀 유
幼,어릴 유
乳,젖 유
遺,남길 유
柔,부드러울 유
幽,그윽할 유
唯,오직 유
悠,유유자적할 유
愉,즐거울 유
喩,비유할 유
猶,오히려 유
裕,넉넉할 유
誘,꾈 유
維,벼리 유
諭,타이를 유
儒,선비 유
癒,병 나을 유
六,여섯 육
肉,고기 육
育,기를 육
潤,불을 윤
融,녹을 융
銀,은 은
恩,은혜 은
隠,숨을 은
乙,새 을 
音,소리 음
飲,마실 음
吟,읊을 음
陰,그늘 음
淫,음란할 음
泣,울 읍
応,응할 응
凝,엉길 응
医,의원 의
意,뜻 의
衣,옷 의
議,의논할 의
義,옳을 의
疑,의심할 의
依,의지할 의
宜,마땅 의
椅,의자 의
儀,거동 의
擬,비길 의
二,두 이
耳,귀 이
以,써 이
移,옮길 이
異,다를 이
弐,두/ 갖은두 이
餌,미끼 이
益,더할 익
翌,다음날 익
溺,빠질 익
翼,날개 익
人,사람 인
引,끌 인
印,도장 인
因,인할 인
仁,어질 인
認,알 인
刃,칼날 인
忍,참을 인
姻,혼인 인
咽,목구멍 인
一,한 일
日,날 일
壱,한/ 갖은한 일
逸,편안할 일
任,맡길 임
賃,품삯 임
妊,아이밸 임
入,들 입
剰,남을 잉
子,아들 자
字,글자 자
自,스스로 자
姉,손윗누이 자
者,놈 자
資,재물 자
姿,모양 자
磁,자석 자
刺,찌를 자
茨,가시나무 자
恣,방자할 자
紫,자주빛 자
滋,불을 자
煮,삶을 자
慈,사랑 자
雌,암컷 자
諮,물을 자
作,지을 작
昨,어제 작
酌,술 부을 작
爵,벼슬 작
残,남을 잔
桟,사다리 잔
蚕,누에 잠
潜,잠길 잠
暫,잠깐 잠
雑,섞일 잡
長,긴 장
場,마당 장
章,글 장
帳,장막 장
腸,창자 장
張,베풀 장
将,장수 장
装,꾸밀 장
障,막을 장
蔵,감출 장
臓,오장 장
丈,어른 장
匠,장인 장
壮,장할 장
荘,씩씩할/ 별장 장
掌,손바닥 장
粧,단장할 장
葬,장사지낼 장
奨,장려할 장
才,재주 재
材,재목 재
再,두 재
在,있을 재
災,재앙 재
財,재물 재
裁,마를 재
宰,재상 재
栽,심을 재
斎,재계할/ 집 재
載,실을 재
争,다툴 쟁
低,낮을 저
底,밑 저
貯,쌓을 저
著,나타날 저
狙,엿볼 저
抵,막을 저
邸,집 저
箸,젓가락 저
赤,붉을 적
笛,피리 적
的,과녁 적
積,쌓을 적
敵,맞을 적
適,대적할 적
績,길쌈할 적
寂,고요할 적
賊,도둑 적
跡,발자취 적
滴,물방울 적
嫡,정실 적
摘,딸 적
籍,문서 적
田,밭/ 논 전
前,앞 전
電,번개 전
全,온전할 전
転,구를 전
伝,전할 전
典,법 전
戦,싸움 전
銭,돈 전
専,오로지 전
展,펼 전
栓,마개 전
殿,전각 전
塡,메울 전/ 누를 진
煎,달일 전
詮,설명할 전
箋,찌지 전
切,끊을 절/ 모두 체
折,꺾을 절
節,마디 절
絶,끊을 절
窃,훔칠 절
店,가게 점
点,점 점
占,점령할/ 점칠 점
粘,붙을 점
漸,점점 점
接,이을 접
正,바를 정
町,밭두둑 정
丁,고무래/ 장정 정
定,정할 정
庭,뜰 정
整,가지런할 정
停,머무를 정
静,고요할 정
政,정사 정
情,뜻 정
程,한도/ 길 정
精,정할 정
頂,정수리 정
井,우물 정
丼,우물 정
呈,드릴 정
廷,조정 정
征,칠 정
亭,정자 정
貞,곧을 정
訂,바로잡을 정
浄,깨끗할 정
偵,염탐할 정
晶,맑을 정
艇,배 정
錠,덩이 정
弟,아우 제
第,차례 제
祭,제사 제
題,제목 제
制,절제할 제
提,끌 제
製,지을 제
際,즈음 제
除,덜 제
済,건널 제
諸,모두 제
斉,가지런할 제
帝,임금 제
剤,약제 제
堤,둑 제
早,이를 조
鳥,새 조
組,짤 조
朝,아침 조
助,도울 조
調,조사할 조
兆,조 조
照,비칠 조
条,가지 조
祖,할아버지 조
造,지을 조
潮,밀물/조수 조
操,잡을 조
爪,손톱 조
弔,조상할 조
阻,막힐 조
租,조세 조
措,둘 조
曹,무리 조
粗,조잡할 조
彫,새길 조
眺,바라볼 조
釣,낚을/낚시 조
詔,조서 조
遭,만날 조
嘲,비웃을 조
槽,구유 조
燥,마를 조
繰,고치 켤 조
藻,마름 조
足,발 족
族,겨레 족
存,있을 존
尊,높을 존
卒,마칠 졸
拙,옹졸할 졸
終,마칠 종
種,씨 종
宗,마루 종
従,좇을 종
縦,세로 종
腫,종기 종
踪,자취 종
鐘,쇠북 종
左,왼 좌
席,자리 좌
佐,도울 좌
挫,꺾을 좌
罪,허물 죄
走,달릴 주
昼,낮 주
週,돌 주
主,주인 주
州,고을 주
住,살 주
注,부을 주
柱,기둥 주
酒,술 주
周,두루 주
宙,집 주
奏,연주할 주
株,주식 주
朱,붉을 주
舟,배 주
肘,팔꿈치 주
呪,빌 주
酎,진한 술 주
珠,구슬 주
駐,머무를 주
鋳,쇠불릴 주
竹,대 죽
準,준비할 준
俊,준걸 준
准,승인할 준
遵,좇을 준
中,가운데 중
重,무거울 중
仲,버금 중
衆,무리 중
即,곧 즉
汁,즙 즙
証,증거 증
増,더할 증
蒸,찔 증
症,증세 증
曽,일찍 증
憎,미울 증
贈,줄 증
止,그칠 지
地,땅 지
池,못 지
知,알 지
紙,종이 지
持,가질 지
指,가리킬 지
支,지탱할 지
志,뜻 지
枝,가지 지
至,이를 지
誌,기록할 지
旨,뜻 지
芝,잡초 지
肢,팔다리 지
祉,복 지
脂,기름 지
遅,더딜/늦을 지
漬,담글 지
摯,잡을 지
直,곧을 직
職,직분 직
織,짤 직
真,참 진
進,나아갈 진
尽,다할 진
津,나루 진
珍,보배 진
陣,진칠 진
振,떨칠 진
陳,베풀/묵을 진
診,진찰할 진
震,우레 진
鎮,진압할 진
質,바탕 질
叱,꾸짖을 질
迭,경질할 질
疾,병 질
秩,차례 질
窒,막힐 질
嫉,미워할 질
朕,나 짐
集,모을 집
執,잡을 집
徴,부를 징
澄,맑을 징
懲,징계할 징
車,수레 차/수레 거
茶,차 차/차 다
次,버금 차
差,다를 차
借,빌릴 차
且,또 차
遮,가릴 차
着,붙을 착
捉,잡을 착
搾,짤 착
錯,어긋날 착
賛,도울 찬
札,편지 찰
察,살필 찰
刹,절 찰
拶,핍박할 찰
擦,문지를 찰
参,참여할 참/석 삼
惨,참혹할 참
斬,벨 참
倉,곳집 창
唱,부를 창
窓,창 창
創,비롯할 창
彰,드러날 창
菜,나물 채
採,캘 채
采,풍채 채
彩,채색 채
債,빚 채
責,꾸짖을 책
冊,책 책
策,꾀 책
柵,울타리 책
妻,아내 처
処,곳 처
凄,쓸쓸할 처
尺,자 척
斥,물리칠 척
拓,넓힐 척/박을 탁
隻,외짝 척
脊,등마루 척
捗,칠 척
戚,친척 척
千,일천 천
川,내 천
天,하늘 천
浅,얕을 천
泉,샘 천
践,밟을 천
遷,옮길 천
薦,천거할 천
鉄,쇠 철
凸,볼록할 철
哲,밝을 철
徹,통할 철
撤,거둘 철
添,더할 첨
畳,거듭 첩
貼,붙일 첩
青,푸를 청
晴,갤 청
清,맑을 청
庁,관청 청
請,청할 청
聴,들을 청
体,몸 체
逓,갈릴 체
逮,잡을 체
替,바꿀 체
滞,막힐 체
締,맺을 체
諦,살필 체
草,풀 초
秒,분초 초
初,처음 초
招,부를 초
抄,뽑을 초
肖,닮을/같을 초
酢,식초 초
焦,탈 초
硝,화약 초
超,뛰어넘을 초
礁,암초 초
礎,주춧돌 초
促,재촉할 촉
触,닿을 촉
嘱,부탁할 촉
村,마을 촌
寸,마디 촌
総,다 총
塚,무덤 총
銃,총 총
撮,사진 찍을 촬
最,가장 최
催,재촉할 최
秋,가을 추
追,쫓을/따를 추
推,밀 추
抽,뽑을 추
枢,지도리 추
椎,등골 추
墜,떨어질 추
醜,추할 추
祝,빌 축
築,쌓을 축
縮,줄일 축
逐,쫓을 축
畜,짐승 축
軸,굴대 축
蓄,모을 축
蹴,찰 축
春,봄 춘
出,날 출
虫,벌레 충
忠,충성 충
充,채울 충
沖,화할 충
衷,속마음 충
衝,찌를 충
取,가질 취
就,나아갈 취
吹,불 취
炊,불 땔 취
臭,냄새 취
酔,취할 취
趣,뜻 취
側,곁 측
測,헤아릴 측
層,층 층
歯,이 치
治,다스릴 치
置,둘 치
値,값 치
恥,부끄러울 치
致,이를 치
痴,어리석을 치
稚,어릴 치
緻,빽빽할 치
則,법칙 칙
勅,칙서 칙
親,친할 친
七,일곱 칠
漆,옻 칠
針,바늘 침
沈,잠길 침
枕,배게 침
侵,침노할 침
浸,잠길 침
寝,잘 침
称,일컬을 칭
快,쾌할 쾌
打,칠 타
他,다를 타
妥,온당할 타
唾,침 타
堕,떨어질 타
惰,게으를 타
卓,높을 탁
託,부탁할 탁
濁,흐릴 탁
濯,씻을 탁
炭,숯 탄
誕,낳을 탄
弾,탄알 탄
嘆,탄식할 탄
綻,터질 탄
脱,벗을 탈
奪,빼앗을 탈
探,찾을 탐
貪,탐할 탐
塔,탑 탑
搭,탈 탑
湯,끓일 탕
太,클 태
態,모습 태
汰,사치할 태
怠,게으를 태
胎,아이 밸 태
泰,클 태
駄,짐 실을 태
宅,집 택
択,가릴 택
沢,못 택
土,흙 토
討,칠 토
吐,토할 토
通,통할 통
統,거느릴 통
痛,아플 통
筒,통 통
退,물러날 퇴
堆,언덕/쌓을 퇴
投,던질 투
妬,샘낼 투
透,사무칠 투
闘,싸울 투
特,특별할 특
波,물결 파
破,깨뜨릴 파
派,갈래 파
把,잡을 파
婆,할머니 파
罷,마칠 파
坂,언덕 판
板,널빤지 판
判,판단할 판
版,판목 판
阪,언덕 판
販,팔 판
八,여덟 팔
貝,조개 패
敗,패할 패
唄,염불 소리 패
覇,으뜸 패
膨,부풀 팽
便,편할 편/오줌 변
編,엮을 편
片,조각 편
偏,치우칠 편
遍,두루 편
平,평평할 평
評,평할 평
坪,들 평
肺,허파 폐
陛,대궐 섬돌 폐
閉,닫을 폐
廃,버릴 폐
幣,화폐 폐
弊,폐단 폐
蔽,덮을 폐
包,쌀 포
布,베 포
怖,두려워할 포
抱,안을 포
泡,거품 포
胞,세포 포
捕,잡을 포
砲,대포 포
浦,개 포
哺,먹일 포
飽,배부를 포
舗,펼/가게 포
褒,기릴 포
暴,사나울 폭
幅,폭 폭
爆,불터질 폭
表,겉 표
票,표 표
標,표할 표
俵,나누어 줄 표
漂,떠다닐 표
品,물건 품
風,바람 풍
豊,풍년 풍
皮,가죽 피
彼,저 피
披,헤칠 피
疲,피곤할 피
被,입을 피
避,피할 피
筆,붓 필
必,반드시 필
匹,짝 필
乏,모자랄 핍
下,아래 하
何,어찌 하
夏,여름 하
荷,멜 하
河,물 하
賀,하례할 하
学,배울 학
虐,모질 학
鶴,학 학
寒,찰 한
漢,한나라 한
限,제한할 한
汗,땀 한
恨,한 한
閑,한가할 한
韓,나라 한
割,벨 할
轄,다스릴 할
含,머금을 함
陥,빠질 함
艦,큰 배 함
合,합할 합
港,항구 항
航,배 항
抗,겨룰 항
恒,항상 항
項,항목 항
海,바다 해
害,해할 해
解,풀 해
該,각출/마땅 해
楷,본보기 해
諧,화할 해
骸,뼈 해
劾,꾸짖을 핵
核,씨 핵
行,갈 행
幸,다행 행
向,향할 향
郷,시골 향
享,누릴 향
香,향기 향
響,울릴 향
許,허락할 허
虚,빌 허
憲,법 헌
軒,집 헌
献,드릴 헌
験,시험 험
険,험할 험
革,가죽 혁
嚇,성낼 혁
県,고을 현
現,나타날 현
玄,검을 현
弦,시위 현
舷,뱃전 현
賢,어질 현
顕,나타날 현
懸,달 현
血,피 혈
穴,구멍 혈
嫌,싫어할 혐
協,화합할 협
峡,골짜기 협
挟,낄 협
狭,좁을 협
脅,위협할 협
脇,옆구리 협
頬,뺨 협
兄,맏 형
形,모양 형
型,모형 형
刑,형벌 형
桁,도리 형
蛍,반딧불 형
衡,저울대 형
恵,은혜 혜
戸,집 호
号,이름 호
湖,호수 호
好,좋을 호
護,도울 호
呼,부를 호
互,서로 호
虎,범 호
弧,활 호
豪,호걸 호
惑,미혹할 혹
酷,심할 혹
混,섞을 혼
婚,혼인할 혼
魂,넋 혼
紅,붉을 홍
洪,넓을 홍
虹,무지개 홍
火,불 화
花,꽃 화
画,그림 화/그을 획
話,말씀 화
化,될 화
和,화할 화
貨,재물 화
華,빛날 화
禍,재앙 화
靴,신발 화
確,굳을 확
拡,넓힐 확
穫,거둘 확
丸,둥글 환
幻,헛보일 환
患,근심 환
喚,부를 환
換,바꿀 환
歓,기쁠 환
還,돌아올 환
環,고리 환
活,살 활
滑,미끄러울 활
黄,누를 황
皇,임금 황
況,상황 황
荒,거칠 황
慌,어리둥절할 황
会,모일 회
回,돌 회
絵,그림 회
灰,재 회
悔,뉘우칠 회
栃,상수리나무 회
賄,뇌물 회
懐,품을 회
獲,얻을 획
横,가로 횡
効,효과 효
孝,효도 효
暁,새벽 효
酵,삭힐 효
後,뒤 후
候,기후 후
厚,두터울 후
后,임금/왕후 후
朽,썩을 후
侯,제후 후
喉,목구멍 후
嗅,맡을 후
訓,가르칠 훈
勲,공 훈
薫,향 풀 훈
毀,헐 훼
揮,휘두를 휘
彙,무리 휘
輝,빛날 휘
休,쉴 휴
携,이끌 휴
胸,가슴 흉
凶,흉할 흉
黒,검을 흑
痕,흔적 흔
吸,마실 흡
興,일어날 흥
希,바랄 희
喜,기쁠 희
姫,계집 희
戯,놀이 희
犠,희생할 희
詰,꾸짖을 힐
込,(일본한자)담다
畑,(일본한자)밭
枠,(일본한자)테두리
峠,(일본한자)고개